t	accent	blue	tile
0.00	2746	0	197910
0.05	3471	0	199078
0.10	3372	0	198127
0.15	3564	0	199094
0.20	3564	0	199094
0.25	3557	0	199084
0.30	3560	0	199091
0.35	3559	0	199085
0.40	3559	0	199085
0.45	3557	0	199085
0.50	3557	0	199085
0.55	3557	0	199086
0.60	3557	0	199085
0.65	3557	0	199085
0.70	3557	0	199085
0.75	3557	0	199086
0.80	3557	0	199086
0.85	3557	0	199085
0.90	3557	0	199085
0.95	3557	0	199085
1.00	3557	0	199086
1.05	3591	0	198610
1.10	3593	0	198606
1.15	3651	0	199129
1.20	3656	0	199127
1.25	3655	0	199132
1.30	3654	0	199128
1.35	3650	0	199127
1.40	3642	0	199133
1.45	3642	0	199133
1.50	2996	0	198614
1.55	2997	0	198615
1.60	2996	0	198615
1.65	2996	0	198614
1.70	2996	0	198614
1.75	2996	0	198614
1.80	2994	0	198614
1.85	2994	0	198614
1.90	2994	0	198614
1.95	2996	0	198614
2.00	2994	0	198614
2.05	2994	0	198614
2.10	3030	0	198624
2.15	3035	0	198624
2.20	3006	0	198617
2.25	3026	0	198627
2.30	3016	0	198624
2.35	3021	0	198627
2.40	3020	0	198628
2.45	3015	0	198627
2.50	3015	0	198628
2.55	3016	0	198628
2.60	3016	0	198627
2.65	3016	0	198627
2.70	3016	0	198627
2.75	3015	0	198628
2.80	3015	0	198627
2.85	3812	0	198608
2.90	3811	0	198608
2.95	3811	0	198608
3.00	3811	0	198608
3.05	3812	0	198608
3.10	3813	0	198608
3.15	3835	0	198610
3.20	3844	0	198610
3.25	3825	0	198608
3.30	3832	0	198611
3.35	3838	0	198611
3.40	4231	0	198611
3.45	4228	0	198612
3.50	3850	0	198612
3.55	3850	0	198612
3.60	3830	0	198612
3.65	3831	0	198609
3.70	3828	0	198611
3.75	3829	0	198608
3.80	0	1754	104188
3.85	0	1761	104192
3.90	0	1757	104192
3.95	0	1760	104192
4.00	0	1759	104192
4.05	0	1759	104192
4.10	0	1759	104192
4.15	0	1758	104192
4.20	0	1766	104193
4.25	0	1768	104185
4.30	3795	0	198603
4.35	3809	0	198603
4.40	3809	0	198603
4.45	3812	0	198603
4.50	3810	0	198603
4.55	3810	0	198603
4.60	3810	0	198603
4.65	3810	0	198603
4.70	3809	0	198603
4.75	3809	0	198603
4.80	3810	0	198603
4.85	3810	0	198603
4.90	3810	0	198603
4.95	3810	0	198603
5.00	3810	0	198603
5.05	3810	0	198603
5.10	3810	0	198603
5.15	3809	0	198603
5.20	3809	0	198603
5.25	3809	0	198603
5.30	3810	0	198603
5.35	3810	0	198603
5.40	3810	0	198603
5.45	3810	0	198603
5.50	3810	0	198603
5.55	3810	0	198603
5.60	3809	0	198603
5.65	3809	0	198603
5.70	3809	0	198603
5.75	3939	0	198603
5.80	3939	0	198603
5.85	3937	0	198603
5.90	3938	0	198603
5.95	3937	0	198603
6.00	3936	0	198603
6.05	3933	0	198603
6.10	3934	0	198603
6.15	3934	0	198603
6.20	3937	0	198603
6.25	3937	0	198603
6.30	4333	0	198603
6.35	4333	0	198603
6.40	3936	0	198603
6.45	3936	0	198603
6.50	4031	0	198603
6.55	4051	0	198602
6.60	4051	0	198602
6.65	4051	0	198602
6.70	3956	0	198602
6.75	3938	0	198598
6.80	3937	0	198598
6.85	3937	0	198600
6.90	3954	0	198602
6.95	3955	0	198602
7.00	3955	0	198602
7.05	3954	0	198602
7.10	3955	0	198602
7.15	3954	0	198602
7.20	3954	0	198602
7.25	3951	0	198609
7.30	3953	0	198601
7.35	3954	0	198601
7.40	3953	0	198601
7.45	3953	0	198601
7.50	3951	0	198601
7.55	3956	0	198601
7.60	3953	0	198601
7.65	3954	0	198601
7.70	3952	0	198603
7.75	3949	0	198603
7.80	3017	1803	202569
7.85	3013	1798	202570
7.90	3024	1801	202570
7.95	3024	1801	202570
8.00	3018	1801	202570
8.05	3019	1801	202570
8.10	3014	1798	202570
8.15	3014	1798	202570
8.20	4119	0	198602
8.25	4127	0	198601
8.30	4466	0	198601
8.35	4466	0	198601
8.40	4450	0	198601
8.45	4466	0	198601
8.50	4466	0	198601
8.55	4465	0	198601
8.60	4461	0	198601
8.65	4470	0	198601
8.70	4467	0	198601
8.75	4463	0	198601
8.80	4464	0	198601
8.85	4463	0	198601
8.90	4461	0	198601
8.95	4461	0	198601
9.00	4462	0	198601
9.05	4463	0	198601
9.10	4462	0	198601
9.15	4462	0	198601
9.20	4462	0	198601
9.25	4461	0	198601
9.30	4461	0	198601
9.35	4461	0	198601
9.40	4462	0	198601
9.45	4462	0	198601
9.50	4462	0	198601
9.55	4461	0	198601
9.60	4462	0	198601
9.65	4461	0	198601
9.70	4461	0	198601
9.75	4461	0	198601
9.80	4487	0	198601
9.85	4488	0	198601
9.90	4487	0	198601
9.95	4486	0	198601
10.00	4494	0	198601
10.05	4494	0	198601
10.10	4489	0	198601
10.15	4488	0	198601
10.20	4488	0	198601
10.25	4485	0	198601
10.30	4486	0	198601
10.35	4486	0	198601
10.40	4487	0	198601
10.45	4487	0	198601
10.50	4487	0	198601
10.55	4486	0	198601
10.60	4486	0	198601
10.65	4486	0	198601
10.70	4486	0	198601
10.75	4487	0	198601
10.80	4640	0	203497
10.85	4648	0	203499
10.90	4649	0	203500
10.95	169	1748	108580
11.00	169	1753	108590
11.05	169	1750	108589
11.10	169	1748	108579
11.15	169	1748	108582
11.20	169	1748	108585
11.25	169	1748	108581
11.30	169	1748	108584
11.35	180	0	101512
11.40	177	0	101502
11.45	4051	0	203505
11.50	4053	0	203513
11.55	4065	0	203521
11.60	4049	0	203508
11.65	4059	0	203502
11.70	4053	0	203505
11.75	4059	0	203498
11.80	4061	0	203501
11.85	4061	0	203500
11.90	4059	0	203505
11.95	4059	0	203499
12.00	4060	0	203504
12.05	4059	0	203505
12.10	4053	0	203505
12.15	4059	0	203498
12.20	4065	0	203501
12.25	4066	0	203500
12.30	4064	0	203499
12.35	4064	0	203504
12.40	4065	0	203498
12.45	4065	0	203505
12.50	4064	0	203504
12.55	4064	0	203498
12.60	4066	0	203501
12.65	4066	0	203504
12.70	4110	0	203498
12.75	4109	0	203500
12.80	4107	0	203498
12.85	4107	0	203498
12.90	4105	0	203497
12.95	4105	0	203499
13.00	4103	0	203498
13.05	4103	0	203496
13.10	4104	0	203498
13.15	4105	0	203499
13.20	4104	0	203499
13.25	4103	0	203498
13.30	4104	0	203498
13.35	4102	0	203498
13.40	4103	0	203496
13.45	4103	0	203496
13.50	4104	0	203498
13.55	4104	0	203498
13.60	4104	0	203499
13.65	4104	0	203498
13.70	4104	0	203498
13.75	4102	0	203498
13.80	4103	0	203496
13.85	4103	0	203496
13.90	4105	0	203499
13.95	4104	0	203499
14.00	4104	0	203498
14.05	4102	0	203508
14.10	4106	0	203499
14.15	4106	0	203499
14.20	4106	0	203501
14.25	4104	0	203501
14.30	4104	0	203500
14.35	4103	0	203498
14.40	4104	0	203499
14.45	4104	0	203499
14.50	4105	0	203501
14.55	4106	0	203500
14.60	4105	0	203500
14.65	4104	0	203501
14.70	4105	0	203501
14.75	4103	0	203498
14.80	4104	0	203499
14.85	4104	0	203499
14.90	4104	0	203499
14.95	4105	0	203501
15.00	4106	0	203500
15.05	4105	0	203500
15.10	4105	0	203501
15.15	4104	0	203500
15.20	4103	0	203498
15.25	4104	0	203499
15.30	4104	0	203499
15.35	4105	0	203501
15.40	4105	0	203498
15.45	4105	0	203500
15.50	4102	0	203508
15.55	4110	0	203498
15.60	4102	0	203496
15.65	4109	0	203500
15.70	4107	0	203497
15.75	4106	0	203497
15.80	4105	0	203499
15.85	4102	0	203498
15.90	4103	0	203496
15.95	4103	0	203496
16.00	4105	0	203499
16.05	4104	0	203498
16.10	4104	0	203498
16.15	4103	0	203498
16.20	4103	0	203499
16.25	4103	0	203496
16.30	4103	0	203496
16.35	4105	0	203499
16.40	4104	0	203498
16.45	4103	0	203498
16.50	4103	0	203498
16.55	4102	0	203498
16.60	4103	0	203496
16.65	4103	0	203496
16.70	4105	0	203499
16.75	4104	0	203499
16.80	4104	0	203498
16.85	4102	0	203508
16.90	4102	0	203496
16.95	4106	0	203500
17.00	4107	0	203498
17.05	4107	0	203497
17.10	4105	0	203497
17.15	4105	0	203499
17.20	4103	0	203498
17.25	4103	0	203496
17.30	4103	0	203496
17.35	4105	0	203499
17.40	4104	0	203498
17.45	4103	0	203498
17.50	4104	0	203498
17.55	4103	0	203498
17.60	4103	0	203496
17.65	4104	0	203498
17.70	4104	0	203498
17.75	4104	0	203498
17.80	4104	0	203498
17.85	4103	0	203498
17.90	4102	0	203498
17.95	4103	0	203496
18.00	4103	0	203496
18.05	4104	0	203498
18.10	4104	0	203498
18.15	4104	0	203499
18.20	4103	0	203498
18.25	4110	0	203498
18.30	4106	0	203500
18.35	4107	0	203498
18.40	4105	0	203497
18.45	4105	0	203497
18.50	4102	0	203498
18.55	4103	0	203496
18.60	4103	0	203496
18.65	4104	0	203498
18.70	4104	0	203499
18.75	4104	0	203498
18.80	4103	0	203498
18.85	4103	0	203498
18.90	4103	0	203498
18.95	4103	0	203496
19.00	4104	0	203498
19.05	4105	0	203499
19.10	4104	0	203499
19.15	4104	0	203498
19.20	4104	0	203498
19.25	4103	0	203499
19.30	4103	0	203498
19.35	4103	0	203496
19.40	4104	0	203498
19.45	4104	0	203498
19.50	4104	0	203498
19.55	4103	0	203498
19.60	4110	0	203498
19.65	4109	0	203500
19.70	4107	0	203498
19.75	4107	0	203498
19.80	4105	0	203497
19.85	4105	0	203499
19.90	4103	0	203498
19.95	4103	0	203496
20.00	4104	0	203498
20.05	4104	0	203498
20.10	4104	0	203498
20.15	4104	0	203498
20.20	4103	0	203498
20.25	4102	0	203498
20.30	4103	0	203496
20.35	4103	0	203496
20.40	4104	0	203498
20.45	4104	0	203499
20.50	4104	0	203498
20.55	4104	0	203498
20.60	4103	0	203499
20.65	4103	0	203498
20.70	4103	0	203496
20.75	4103	0	203496
20.80	4105	0	203499
20.85	4104	0	203499
20.90	4104	0	203498
20.95	177	1772	109086
21.00	177	1772	109087
21.05	176	1772	109078
21.10	176	1772	109081
21.15	176	1772	109081
21.20	176	1772	109081
21.25	182	0	101518
21.30	182	0	101519
21.35	182	0	101519
21.40	4061	0	203518
21.45	4075	0	203510
21.50	4059	0	203509
21.55	4067	0	203509
21.60	4062	0	203508
21.65	4068	0	203505
21.70	4063	0	203505
21.75	4070	0	203506
21.80	4063	0	203508
21.85	4068	0	203508
21.90	4068	0	203511
21.95	4069	0	203511
22.00	4069	0	203511
22.05	4068	0	203508
22.10	4062	0	203508
22.15	4068	0	203504
22.20	4063	0	203505
22.25	4070	0	203506
22.30	4070	0	203507
22.35	4068	0	203508
22.40	4068	0	203511
22.45	4102	0	203508
22.50	4110	0	203498
22.55	4109	0	203500
22.60	4107	0	203499
22.65	4107	0	203497
22.70	4105	0	203502
22.75	4105	0	203498
22.80	4105	0	203499
22.85	4102	0	203497
22.90	4103	0	203497
22.95	4104	0	203499
23.00	4105	0	203498
23.05	4104	0	203498
23.10	4104	0	203499
23.15	4104	0	203499
23.20	4103	0	203498
23.25	4103	0	203496
23.30	4103	0	203497
23.35	4104	0	203498
23.40	4104	0	203498
23.45	4104	0	203499
23.50	4103	0	203499
23.55	4103	0	203498
23.60	4102	0	203497
23.65	4103	0	203497
23.70	4104	0	203499
23.75	4104	0	203498
23.80	4104	0	203499
23.85	4099	0	203508
23.90	4105	0	203496
23.95	4104	0	203498
24.00	4104	0	203497
24.05	4103	0	203497
24.10	4102	0	203499
24.15	4100	0	203498
24.20	4100	0	203496
24.25	4101	0	203498
24.30	4102	0	203499
24.35	4101	0	203498
24.40	4100	0	203498
24.45	4100	0	203498
24.50	4100	0	203499
24.55	4100	0	203496
24.60	4100	0	203496
24.65	4101	0	203498
24.70	4101	0	203498
24.75	4101	0	203498
24.80	4100	0	203498
24.85	4100	0	203498
24.90	4099	0	203498
24.95	4100	0	203496
25.00	4100	0	203496
25.05	4102	0	203499
25.10	4101	0	203499
25.15	4101	0	203498
25.20	4099	0	203508
25.25	4105	0	203496
25.30	4103	0	203500
25.35	4104	0	203497
25.40	4102	0	203497
25.45	4102	0	203499
25.50	4100	0	203498
25.55	4100	0	203496
25.60	4101	0	203498
25.65	4102	0	203499
25.70	4101	0	203499
25.75	4101	0	203498
25.80	4100	0	203498
25.85	4100	0	203498
25.90	4100	0	203499
25.95	4100	0	203496
26.00	4100	0	203496
26.05	4101	0	203498
26.10	4102	0	203499
26.15	4101	0	203499
26.20	4101	0	203498
26.25	4101	0	203498
26.30	4099	0	203498
26.35	4100	0	203496
26.40	4101	0	203498
26.45	4101	0	203498
26.50	4101	0	203498
26.55	4102	0	203508
26.60	4102	0	203496
26.65	4106	0	203500
26.70	4107	0	203497
26.75	4105	0	203497
26.80	4105	0	203497
26.85	4102	0	203498
26.90	4103	0	203496
26.95	4103	0	203496
27.00	4105	0	203499
27.05	4104	0	203498
27.10	4104	0	203498
27.15	4103	0	203498
27.20	4103	0	203498
27.25	4103	0	203498
27.30	4103	0	203496
27.35	4103	0	203496
27.40	4104	0	203498
27.45	4104	0	203498
27.50	4104	0	203498
27.55	4104	0	203498
27.60	4103	0	203498
27.65	4103	0	203499
27.70	4103	0	203498
27.75	4103	0	203496
27.80	4104	0	203498
27.85	4104	0	203498
27.90	4104	0	203499
27.95	4104	0	203498
28.00	4102	0	203508
28.05	4102	0	203496
28.10	4109	0	203500
28.15	4106	0	203500
28.20	4107	0	203497
28.25	4107	0	203498
28.30	4106	0	203497
28.35	4105	0	203499
28.40	4105	0	203499
28.45	4103	0	203498
28.50	4103	0	203496
28.55	4103	0	203496
28.60	4105	0	203499
28.65	4105	0	203499
28.70	4104	0	203498
28.75	4104	0	203498
28.80	4104	0	203498
28.85	4104	0	203498
28.90	4103	0	203498
28.95	4102	0	203498
29.00	4103	0	203496
29.05	4103	0	203496
29.10	4104	0	203498
29.15	4105	0	203499
29.20	4104	0	203498
29.25	4104	0	203498
29.30	4104	0	203498
29.35	4104	0	203498
29.40	4103	0	203499
29.45	4102	0	203498
29.50	4103	0	203496
29.55	4103	0	203496
29.60	4104	0	203498
29.65	4104	0	203498
29.70	4104	0	203498
29.75	4103	0	203498
29.80	4102	0	203496
29.85	4109	0	203500
29.90	4107	0	203497
29.95	4105	0	203497
30.00	4105	0	203497
